Stock,yr,bbmsy,ffmsy,bbmsy.effEdepP,ffmsy.effEdepP
Lobatus gigas_2,1951,0.0782381413711079,2.72645460317487e-06,0.0782381413711079,2.72645460317487e-06
Lobatus gigas_2,1952,0.00106815745786682,0.000199701588107714,0.00106815745786682,0.000199701588107714
Lobatus gigas_2,1953,0.000160067652975117,0.00133264114716708,0.000160067652975117,0.00133264114716708
Lobatus gigas_2,1954,7.86863991648689e-05,0.00271092263655573,7.86863991648689e-05,0.00271092263655573
Lobatus gigas_2,1955,5.35839135594426e-05,0.0039809100626528,5.35839135594426e-05,0.0039809100626528
Lobatus gigas_2,1956,4.93112328395131e-05,0.0043258448106407,4.93112328395131e-05,0.0043258448106407
Lobatus gigas_2,1957,4.66768579857172e-05,0.00456998928142026,4.66768579857172e-05,0.00456998928142026
Lobatus gigas_2,1958,4.65375066585083e-05,0.00458367360010044,4.65375066585083e-05,0.00458367360010044
Lobatus gigas_2,1959,4.68902288403144e-05,0.00454919385041911,4.68902288403144e-05,0.00454919385041911
Lobatus gigas_2,1960,4.66803694386314e-05,0.00456964551160066,4.66803694386314e-05,0.00456964551160066
Lobatus gigas_2,1961,4.88612541529019e-05,0.00436568287865846,4.88612541529019e-05,0.00436568287865846
Lobatus gigas_2,1962,4.58114583410156e-05,0.0046563184934482,4.58114583410156e-05,0.0046563184934482
Lobatus gigas_2,1963,4.44940629751115e-05,0.00479418435678538,4.44940629751115e-05,0.00479418435678538
Lobatus gigas_2,1964,4.59322266171392e-05,0.00464407576978877,4.59322266171392e-05,0.00464407576978877
Lobatus gigas_2,1965,4.60324874404836e-05,0.00463396076436016,4.60324874404836e-05,0.00463396076436016
Lobatus gigas_2,1966,4.66683443684044e-05,0.00457082297587399,4.66683443684044e-05,0.00457082297587399
Lobatus gigas_2,1967,4.56238899735928e-05,0.00467546149196329,4.56238899735928e-05,0.00467546149196329
Lobatus gigas_2,1968,4.49860411893551e-05,0.00474175399847316,4.49860411893551e-05,0.00474175399847316
Lobatus gigas_2,1969,4.87785245261718e-05,0.00437308718861825,4.87785245261718e-05,0.00437308718861825
Lobatus gigas_2,1970,4.54325898940524e-05,0.00469514815647848,4.54325898940524e-05,0.00469514815647848
Lobatus gigas_2,1971,4.78632584447135e-05,0.00445671163260852,4.78632584447135e-05,0.00445671163260852
Lobatus gigas_2,1972,4.74875326968869e-05,0.00449197354696608,4.74875326968869e-05,0.00449197354696608
Lobatus gigas_2,1973,4.54438813417518e-05,0.00469398155234423,4.54438813417518e-05,0.00469398155234423
Lobatus gigas_2,1974,4.45037140028167e-05,0.00479314469510572,4.45037140028167e-05,0.00479314469510572
Lobatus gigas_2,1975,4.56728897002399e-05,0.0046704454674341,4.56728897002399e-05,0.0046704454674341
Lobatus gigas_2,1976,4.49018754058031e-05,0.00475064212256788,4.49018754058031e-05,0.00475064212256788
Lobatus gigas_2,1977,4.65012925748086e-05,0.00458724325440928,4.65012925748086e-05,0.00458724325440928
Lobatus gigas_2,1978,4.64176759935191e-05,0.00459550669264195,4.64176759935191e-05,0.00459550669264195
Lobatus gigas_2,1979,4.74504181310617e-05,0.00449548705969074,4.74504181310617e-05,0.00449548705969074
Lobatus gigas_2,1980,4.62802896953202e-05,0.00460914877779325,4.62802896953202e-05,0.00460914877779325
Lobatus gigas_2,1981,4.85772905456266e-05,0.00439120293225798,4.85772905456266e-05,0.00439120293225798
Lobatus gigas_2,1982,4.69180400806707e-05,0.00454649726029335,4.69180400806707e-05,0.00454649726029335
Lobatus gigas_2,1983,4.55716300328961e-05,0.00468082314657436,4.55716300328961e-05,0.00468082314657436
Lobatus gigas_2,1984,4.53989286278156e-05,0.0046986293979283,4.53989286278156e-05,0.0046986293979283
Lobatus gigas_2,1985,4.67805806203854e-05,0.00455985662974325,4.67805806203854e-05,0.00455985662974325
Lobatus gigas_2,1986,4.51033369235259e-05,0.00472942259342765,4.51033369235259e-05,0.00472942259342765
Lobatus gigas_2,1987,4.44077541056312e-05,0.00480350211311527,4.44077541056312e-05,0.00480350211311527
Lobatus gigas_2,1988,4.38608524663131e-05,0.00486339705433075,4.38608524663131e-05,0.00486339705433075
Lobatus gigas_2,1989,4.45208489952611e-05,0.00479129993023737,4.45208489952611e-05,0.00479129993023737
Lobatus gigas_2,1990,4.63578277058895e-05,0.00460143952469979,4.63578277058895e-05,0.00460143952469979
Lobatus gigas_2,1991,4.92151804061811e-05,0.00433428748862845,4.92151804061811e-05,0.00433428748862845
Lobatus gigas_2,1992,4.94554726737223e-05,0.00431322822637675,4.94554726737223e-05,0.00431322822637675
Lobatus gigas_2,1993,5.5182714895403e-05,0.00386557169377096,5.5182714895403e-05,0.00386557169377096
Lobatus gigas_2,1994,7.35952934863167e-05,0.0028984562813757,7.35952934863167e-05,0.0028984562813757
Lobatus gigas_2,1995,0.000132728534114195,0.00160713551241043,0.000132728534114195,0.00160713551241043
Lobatus gigas_2,1996,0.000699139734547381,0.000305107448689353,0.000699139734547381,0.000305107448689353
Lobatus gigas_2,1997,0.0446039690511251,0.0593014039056365,0.0446039690511251,0.0593014039056365
Lobatus gigas_2,1998,0.222386041710925,0.0117022427142306,0.222386041710925,0.0117022427142306
Lobatus gigas_2,1999,0.55177922734049,0.00703595149672643,0.55177922734049,0.00703595149672643
Lobatus gigas_2,2000,0.910014403724182,0.00698529566829004,0.910014403724182,0.00698529566829004
Lobatus gigas_2,2001,1.39100799811805,0.0111486319768025,1.39100799811805,0.0111486319768025
Lobatus gigas_2,2002,1.39715017860463,0.00867205534269375,1.39715017860463,0.00867205534269375
Lobatus gigas_2,2003,1.54971159996541,0.0101170349636055,1.54971159996541,0.0101170349636055
Lobatus gigas_2,2004,1.65361606499125,0.00988122713754921,1.65361606499125,0.00988122713754921
Lobatus gigas_2,2005,1.75338115654332,0.0139784973810472,1.75338115654332,0.0139784973810472
Lobatus gigas_2,2006,2.01258137763831,0.0212827162198191,2.01258137763831,0.0212827162198191
Lobatus gigas_2,2007,1.61019844019951,0.0117903690917884,1.61019844019951,0.0117903690917884
Lobatus gigas_2,2008,1.85687711224982,0.0237106426628635,1.85687711224982,0.0237106426628635
Lobatus gigas_2,2009,1.24832481809314,0.0621316754973915,1.24832481809314,0.0621316754973915
Lobatus gigas_2,2010,1.08699103378158,0.117156169859075,1.08699103378158,0.117156169859075
Lobatus gigas_2,2011,1.05245591630417,0.11433231088958,1.05245591630417,0.11433231088958
Lobatus gigas_2,2012,1.04301267451954,0.156700130214826,1.04301267451954,0.156700130214826
Lobatus gigas_2,2013,1.18770311512168,0.177032766704299,1.18770311512168,0.177032766704299
Lobatus gigas_2,2014,1.30519428591071,0.196022388344424,1.30519428591071,0.196022388344424
Lobatus gigas_2,2015,1.35085022641342,0.176243335658871,1.35085022641342,0.176243335658871
Lobatus gigas_2,2016,1.29277673443953,0.152793280241109,1.29277673443953,0.152793280241109
Lobatus gigas_2,2017,1.38553544607312,0.1696605026607,1.38553544607312,0.1696605026607
Lobatus gigas_2,2018,1.29499424554049,0.204171673341168,1.29499424554049,0.204171673341168
Lobatus gigas_2,2019,1.0880559571952,0.228423062169628,1.0880559571952,0.228423062169628
Lobatus gigas,1951,0.158316163098473,0.0814249064143245,0.158316163098473,0.0814249064143245
Lobatus gigas,1952,0.168740013620489,0.0763949136164041,0.168740013620489,0.0763949136164041
Lobatus gigas,1953,0.227504491270248,0.113324169489518,0.227504491270248,0.113324169489518
Lobatus gigas,1954,0.250820208859269,0.102789793715553,0.250820208859269,0.102789793715553
Lobatus gigas,1955,0.254680185256471,0.101231894041436,0.254680185256471,0.101231894041436
Lobatus gigas,1956,0.240868007138471,0.107036869838487,0.240868007138471,0.107036869838487
Lobatus gigas,1957,0.203389767345043,0.0633801736067636,0.203389767345043,0.0633801736067636
Lobatus gigas,1958,0.26405497466315,0.0976378406096135,0.26405497466315,0.0976378406096135
Lobatus gigas,1959,0.330342802124252,0.117068197169189,0.330342802124252,0.117068197169189
Lobatus gigas,1960,0.32902359616192,0.117537577072353,0.32902359616192,0.117537577072353
Lobatus gigas,1961,0.258844259959954,0.0747025186080761,0.258844259959954,0.0747025186080761
Lobatus gigas,1962,0.264674357990727,0.0974093513404857,0.264674357990727,0.0974093513404857
Lobatus gigas,1963,0.2627280030878,0.0981309842320856,0.2627280030878,0.0981309842320856
Lobatus gigas,1964,0.250389904452334,0.102966441816923,0.250389904452334,0.102966441816923
Lobatus gigas,1965,0.217723084985269,0.0592076800907002,0.217723084985269,0.0592076800907002
Lobatus gigas,1966,0.314721513177988,0.081919272908921,0.314721513177988,0.081919272908921
Lobatus gigas,1967,0.523763589271613,0.123060088828389,0.523763589271613,0.123060088828389
Lobatus gigas,1968,0.644236302583436,0.0800382015882974,0.644236302583436,0.0800382015882974
Lobatus gigas,1969,0.935267377151035,0.110264757044649,0.935267377151035,0.110264757044649
Lobatus gigas,1970,1.1074211356226,0.0931235884850313,1.1074211356226,0.0931235884850313
Lobatus gigas,1971,1.31594269937888,0.097959271100881,1.31594269937888,0.097959271100881
Lobatus gigas,1972,1.48134160782028,0.10442597733931,1.48134160782028,0.10442597733931
Lobatus gigas,1973,1.42726305416929,0.0993507580761843,1.42726305416929,0.0993507580761843
Lobatus gigas,1974,1.27575006670103,0.0895263020803704,1.27575006670103,0.0895263020803704
Lobatus gigas,1975,1.230826750616,0.0852530651351319,1.230826750616,0.0852530651351319
Lobatus gigas,1976,1.3107791367135,0.0710052075673501,1.3107791367135,0.0710052075673501
Lobatus gigas,1977,2.05087773492272,0.126967954550449,2.05087773492272,0.126967954550449
Lobatus gigas,1978,2.1358856540763,0.106222664971022,2.1358856540763,0.106222664971022
Lobatus gigas,1979,1.96177569090111,0.100536695406384,1.96177569090111,0.100536695406384
Lobatus gigas,1980,1.72594002840956,0.0921662637933135,1.72594002840956,0.0921662637933135
Lobatus gigas,1981,1.64451233338527,0.0887343589026136,1.64451233338527,0.0887343589026136
Lobatus gigas,1982,1.75257291640376,0.0923102981770823,1.75257291640376,0.0923102981770823
Lobatus gigas,1983,1.9487319739927,0.100151230181558,1.9487319739927,0.100151230181558
Lobatus gigas,1984,2.07630946891343,0.110450169711244,2.07630946891343,0.110450169711244
Lobatus gigas,1985,1.77388490774567,0.102174472894377,1.77388490774567,0.102174472894377
Lobatus gigas,1986,1.39372706521281,0.0808381233391819,1.39372706521281,0.0808381233391819
Lobatus gigas,1987,1.38720457328116,0.0919048231480869,1.38720457328116,0.0919048231480869
Lobatus gigas,1988,1.41050426675287,0.0976980341266146,1.41050426675287,0.0976980341266146
Lobatus gigas,1989,1.35897580505333,0.0789212809522166,1.35897580505333,0.0789212809522166
Lobatus gigas,1990,1.66760367892674,0.0969364734231734,1.66760367892674,0.0969364734231734
Lobatus gigas,1991,1.92719815231834,0.104146520749125,1.92719815231834,0.104146520749125
Lobatus gigas,1992,2.01061589405051,0.100723219180915,2.01061589405051,0.100723219180915
Lobatus gigas,1993,1.98343449043292,0.102688485783768,1.98343449043292,0.102688485783768
Lobatus gigas,1994,1.80960562515976,0.100656250403518,1.80960562515976,0.100656250403518
Lobatus gigas,1995,1.53242500022074,0.0863079211715503,1.53242500022074,0.0863079211715503
Lobatus gigas,1996,1.50397832889822,0.094711610936847,1.50397832889822,0.094711610936847
Lobatus gigas,1997,2.00970767655399,0.12353952164008,2.00970767655399,0.12353952164008
Lobatus gigas,1998,1.77905966106282,0.13701986659896,1.77905966106282,0.13701986659896
Lobatus gigas,1999,1.31665027355864,0.102899865311404,1.31665027355864,0.102899865311404
Lobatus gigas,2000,1.63359233273111,0.137700104198371,1.63359233273111,0.137700104198371
Lobatus gigas,2001,1.82239329174888,0.140057253659875,1.82239329174888,0.140057253659875
Lobatus gigas,2002,1.55044111902739,0.114737750929306,1.55044111902739,0.114737750929306
Lobatus gigas,2003,1.69346935518152,0.134734386204065,1.69346935518152,0.134734386204065
Lobatus gigas,2004,1.9762005586053,0.137049532576954,1.9762005586053,0.137049532576954
Lobatus gigas,2005,1.92861373522686,0.14277051198655,1.92861373522686,0.14277051198655
Lobatus gigas,2006,1.91476418796751,0.157267892215288,1.91476418796751,0.157267892215288
Lobatus gigas,2007,1.76027503375632,0.144194173068983,1.76027503375632,0.144194173068983
Lobatus gigas,2008,1.71856156242361,0.156020176499563,1.71856156242361,0.156020176499563
Lobatus gigas,2009,1.73479655806384,0.185769315489006,1.73479655806384,0.185769315489006
Lobatus gigas,2010,1.81839616624179,0.169785084314115,1.81839616624179,0.169785084314115
Lobatus gigas,2011,2.01588260091486,0.185956639683226,2.01588260091486,0.185956639683226
Lobatus gigas,2012,2.22030834471818,0.21052177959907,2.22030834471818,0.21052177959907
Lobatus gigas,2013,2.01395645686117,0.195863663705186,2.01395645686117,0.195863663705186
Lobatus gigas,2014,1.70394990527857,0.162805086080007,1.70394990527857,0.162805086080007
Lobatus gigas,2015,1.75147215213074,0.172886986414218,1.75147215213074,0.172886986414218
Lobatus gigas,2016,1.94705260098237,0.183791025631643,1.94705260098237,0.183791025631643
Lobatus gigas,2017,2.13774733858065,0.182833320418999,2.13774733858065,0.182833320418999
Lobatus gigas,2018,2.46966145467571,0.213067936966461,2.46966145467571,0.213067936966461
Lobatus gigas,2019,2.48880224349645,0.22209915747704,2.48880224349645,0.22209915747704
Ocyurus chrysurus,1951,0.0499519441385636,1.13086233472148e-05,0.0499519441385636,1.13086233472148e-05
Ocyurus chrysurus,1952,0.000530911356802775,0.00106399630462977,0.000530911356802775,0.00106399630462977
Ocyurus chrysurus,1953,8.93001807906017e-05,0.00632571755984149,8.93001807906017e-05,0.00632571755984149
Ocyurus chrysurus,1954,4.36744843533352e-05,0.0129340444446711,4.36744843533352e-05,0.0129340444446711
Ocyurus chrysurus,1955,3.55573784031136e-05,0.0158866527031324,3.55573784031136e-05,0.0158866527031324
Ocyurus chrysurus,1956,4.31393148523535e-05,0.0130944991513538,4.31393148523535e-05,0.0130944991513538
Ocyurus chrysurus,1957,9.44783221261171e-05,0.00597901940902456,9.44783221261171e-05,0.00597901940902456
Ocyurus chrysurus,1958,0.000727568231085167,0.000776405150183096,0.000727568231085167,0.000776405150183096
Ocyurus chrysurus,1959,0.118506231013577,0.476673434715351,0.118506231013577,0.476673434715351
Ocyurus chrysurus,1960,0.617339616927893,0.0915035591811223,0.617339616927893,0.0915035591811223
Ocyurus chrysurus,1961,1.06542555619302,0.0530199147599376,1.06542555619302,0.0530199147599376
Ocyurus chrysurus,1962,1.33934609477967,0.0463940199115421,1.33934609477967,0.0463940199115421
Ocyurus chrysurus,1963,1.38276768003958,0.044937157764546,1.38276768003958,0.044937157764546
Ocyurus chrysurus,1964,1.31784269015613,0.0385781211482443,1.31784269015613,0.0385781211482443
Ocyurus chrysurus,1965,1.46759227274363,0.0461889367134442,1.46759227274363,0.0461889367134442
Ocyurus chrysurus,1966,1.57048564863047,0.0575503733858869,1.57048564863047,0.0575503733858869
Ocyurus chrysurus,1967,1.93566671716653,0.0875493260354793,1.93566671716653,0.0875493260354793
Ocyurus chrysurus,1968,1.35103504607379,0.0501737736588611,1.35103504607379,0.0501737736588611
Ocyurus chrysurus,1969,1.20267142212143,0.0375755313601918,1.20267142212143,0.0375755313601918
Ocyurus chrysurus,1970,1.18911879449206,0.03325331388575,1.18911879449206,0.03325331388575
Ocyurus chrysurus,1971,1.1375493096487,0.039726645126167,1.1375493096487,0.039726645126167
Ocyurus chrysurus,1972,1.38577921805593,0.0366868649008126,1.38577921805593,0.0366868649008126
Ocyurus chrysurus,1973,1.34292567516083,0.0462703562371108,1.34292567516083,0.0462703562371108
Ocyurus chrysurus,1974,1.22730628129043,0.0322186410380896,1.22730628129043,0.0322186410380896
Ocyurus chrysurus,1975,1.29804320831319,0.0348147253099965,1.29804320831319,0.0348147253099965
Ocyurus chrysurus,1976,1.31837986528613,0.0471318252241121,1.31837986528613,0.0471318252241121
Ocyurus chrysurus,1977,1.24591546858965,0.0362713353170626,1.24591546858965,0.0362713353170626
Ocyurus chrysurus,1978,0.982645818965362,0.0344918409556093,0.982645818965362,0.0344918409556093
Ocyurus chrysurus,1979,1.01129626650462,0.0335146726296085,1.01129626650462,0.0335146726296085
Ocyurus chrysurus,1980,0.971717429894773,0.0342984231386409,0.971717429894773,0.0342984231386409
Ocyurus chrysurus,1981,0.761263986829661,0.055504532351429,0.761263986829661,0.055504532351429
Ocyurus chrysurus,1982,0.7851734614965,0.068994604593606,0.7851734614965,0.068994604593606
Ocyurus chrysurus,1983,0.744181648647573,0.0700623790036899,0.744181648647573,0.0700623790036899
Ocyurus chrysurus,1984,0.66850985635014,0.0758805826555501,0.66850985635014,0.0758805826555501
Ocyurus chrysurus,1985,0.671583421123851,0.0796548359662524,0.671583421123851,0.0796548359662524
Ocyurus chrysurus,1986,0.643200224146927,0.0793933959080775,0.643200224146927,0.0793933959080775
Ocyurus chrysurus,1987,0.684749124553962,0.0882702643305366,0.684749124553962,0.0882702643305366
Ocyurus chrysurus,1988,0.645380901833964,0.0744861600058483,0.645380901833964,0.0744861600058483
Ocyurus chrysurus,1989,0.670379339697971,0.0798821694647901,0.670379339697971,0.0798821694647901
Ocyurus chrysurus,1990,0.607068328564802,0.0688582972305783,0.607068328564802,0.0688582972305783
Ocyurus chrysurus,1991,0.619088551954974,0.064236522358228,0.619088551954974,0.064236522358228
Ocyurus chrysurus,1992,0.61643067511511,0.068270670113211,0.61643067511511,0.068270670113211
Ocyurus chrysurus,1993,0.656392289605846,0.0463860540153721,0.656392289605846,0.0463860540153721
Ocyurus chrysurus,1994,0.607430868014731,0.0550537598383252,0.607430868014731,0.0550537598383252
Ocyurus chrysurus,1995,0.655719860867618,0.0509994513233446,0.655719860867618,0.0509994513233446
Ocyurus chrysurus,1996,0.828647633128402,0.0801677256036569,0.828647633128402,0.0801677256036569
Ocyurus chrysurus,1997,0.808987787481208,0.0507638533051379,0.808987787481208,0.0507638533051379
Ocyurus chrysurus,1998,0.657307484665913,0.0392744179627191,0.657307484665913,0.0392744179627191
Ocyurus chrysurus,1999,0.616655906426328,0.0374664502159878,0.616655906426328,0.0374664502159878
Ocyurus chrysurus,2000,0.663625035563704,0.0347295804275486,0.663625035563704,0.0347295804275486
Ocyurus chrysurus,2001,0.651834408749412,0.0357910883409276,0.651834408749412,0.0357910883409276
Ocyurus chrysurus,2002,0.666530166886788,0.0313576890321647,0.666530166886788,0.0313576890321647
Ocyurus chrysurus,2003,0.694221619598373,0.035558664182233,0.694221619598373,0.035558664182233
Ocyurus chrysurus,2004,0.632171585965267,0.0391382383530224,0.632171585965267,0.0391382383530224
Ocyurus chrysurus,2005,0.573722012839118,0.0294395935689638,0.573722012839118,0.0294395935689638
Ocyurus chrysurus,2006,0.590589344304749,0.028216201242979,0.590589344304749,0.028216201242979
Ocyurus chrysurus,2007,0.606797277858482,0.0300691418328094,0.606797277858482,0.0300691418328094
Ocyurus chrysurus,2008,0.617085460705949,0.0270046676708245,0.617085460705949,0.0270046676708245
Ocyurus chrysurus,2009,0.668992121515214,0.0308200966496162,0.668992121515214,0.0308200966496162
Ocyurus chrysurus,2010,0.586015205156951,0.0282436532377758,0.586015205156951,0.0282436532377758
Ocyurus chrysurus,2011,0.587386461002944,0.029043245509847,0.587386461002944,0.029043245509847
Ocyurus chrysurus,2012,0.566245463143314,0.0256383766286102,0.566245463143314,0.0256383766286102
Ocyurus chrysurus,2013,0.564619776059801,0.0248117690749724,0.564619776059801,0.0248117690749724
Ocyurus chrysurus,2014,0.511716127400937,0.0246171568960111,0.511716127400937,0.0246171568960111
Ocyurus chrysurus,2015,0.411651137738746,0.0238771266660214,0.411651137738746,0.0238771266660214
Ocyurus chrysurus,2016,0.404905311900185,0.0220427486153637,0.404905311900185,0.0220427486153637
Ocyurus chrysurus,2017,0.371858886529137,0.0258245576943009,0.371858886529137,0.0258245576943009
Ocyurus chrysurus,2018,0.36411533654295,0.0290111383292288,0.36411533654295,0.0290111383292288
Ocyurus chrysurus,2019,0.333043868183659,0.0291735406108634,0.333043868183659,0.0291735406108634
Lutjanus synagris,1951,0.0530339048782795,4.31445438435783e-06,0.0530339048782795,4.31445438435783e-06
Lutjanus synagris,1952,0.000312734922238073,0.000731649544554295,0.000312734922238073,0.000731649544554295
Lutjanus synagris,1953,3.64898659562998e-05,0.00627057286797749,3.64898659562998e-05,0.00627057286797749
Lutjanus synagris,1954,1.52406749303282e-05,0.0150132697185466,1.52406749303282e-05,0.0150132697185466
Lutjanus synagris,1955,1.21705075187426e-05,0.0188005605410735,1.21705075187426e-05,0.0188005605410735
Lutjanus synagris,1956,1.37654652152558e-05,0.016622203452167,1.37654652152558e-05,0.016622203452167
Lutjanus synagris,1957,3.2929340302831e-05,0.00694858631595598,3.2929340302831e-05,0.00694858631595598
Lutjanus synagris,1958,0.000273097843585484,0.000837840242228375,0.000273097843585484,0.000837840242228375
Lutjanus synagris,1959,0.0528930442980906,0.43259442986905,0.0528930442980906,0.43259442986905
Lutjanus synagris,1960,0.260170096925512,0.0879472184258054,0.260170096925512,0.0879472184258054
Lutjanus synagris,1961,0.557747293374467,0.0410243789866473,0.557747293374467,0.0410243789866473
Lutjanus synagris,1962,0.798723655858866,0.0487003251955315,0.798723655858866,0.0487003251955315
Lutjanus synagris,1963,0.796562527856361,0.0373424636542607,0.796562527856361,0.0373424636542607
Lutjanus synagris,1964,0.886752293724204,0.0361247792712249,0.886752293724204,0.0361247792712249
Lutjanus synagris,1965,1.07007040392533,0.0449041447574807,1.07007040392533,0.0449041447574807
Lutjanus synagris,1966,1.14331058516066,0.0480315392282434,1.14331058516066,0.0480315392282434
Lutjanus synagris,1967,1.27435559648353,0.0718205700365258,1.27435559648353,0.0718205700365258
Lutjanus synagris,1968,1.28938549956791,0.0638850451315139,1.28938549956791,0.0638850451315139
Lutjanus synagris,1969,1.29174305733628,0.0761678692310722,1.29174305733628,0.0761678692310722
Lutjanus synagris,1970,1.22599175841782,0.0578566961594178,1.22599175841782,0.0578566961594178
Lutjanus synagris,1971,1.37491240589199,0.0665678373229208,1.37491240589199,0.0665678373229208
Lutjanus synagris,1972,1.37996301414213,0.0613498866262458,1.37996301414213,0.0613498866262458
Lutjanus synagris,1973,1.30222509549735,0.0702835060429609,1.30222509549735,0.0702835060429609
Lutjanus synagris,1974,1.47983680064872,0.0633941992534416,1.47983680064872,0.0633941992534416
Lutjanus synagris,1975,1.40207952018891,0.0636460489219922,1.40207952018891,0.0636460489219922
Lutjanus synagris,1976,1.12561439866619,0.0691144353302218,1.12561439866619,0.0691144353302218
Lutjanus synagris,1977,0.827870402799784,0.0829160081026763,0.827870402799784,0.0829160081026763
Lutjanus synagris,1978,0.622505634698812,0.0661620122295517,0.622505634698812,0.0661620122295517
Lutjanus synagris,1979,0.529583255221732,0.077771011469506,0.529583255221732,0.077771011469506
Lutjanus synagris,1980,0.461080374831547,0.066299355647719,0.461080374831547,0.066299355647719
Lutjanus synagris,1981,0.425391988800699,0.0734752173672202,0.425391988800699,0.0734752173672202
Lutjanus synagris,1982,0.496801928177024,0.0791720865829177,0.496801928177024,0.0791720865829177
Lutjanus synagris,1983,0.571485934604654,0.0749514062182049,0.571485934604654,0.0749514062182049
Lutjanus synagris,1984,0.522168473527261,0.092415628081995,0.522168473527261,0.092415628081995
Lutjanus synagris,1985,0.452777299040201,0.0902055093251234,0.452777299040201,0.0902055093251234
Lutjanus synagris,1986,0.471178854036015,0.0893049279966965,0.471178854036015,0.0893049279966965
Lutjanus synagris,1987,0.471692776456962,0.0872187682250356,0.471692776456962,0.0872187682250356
Lutjanus synagris,1988,0.49589172035021,0.0926061869036762,0.49589172035021,0.0926061869036762
Lutjanus synagris,1989,0.492044926591208,0.0943532308317765,0.492044926591208,0.0943532308317765
Lutjanus synagris,1990,0.483507111742258,0.0828634033753338,0.483507111742258,0.0828634033753338
Lutjanus synagris,1991,0.529227505330147,0.0690465519467879,0.529227505330147,0.0690465519467879
Lutjanus synagris,1992,0.467341896245267,0.0707477475913799,0.467341896245267,0.0707477475913799
Lutjanus synagris,1993,0.555786584101699,0.0494440953290784,0.555786584101699,0.0494440953290784
Lutjanus synagris,1994,0.614116973911261,0.0665441436129761,0.614116973911261,0.0665441436129761
Lutjanus synagris,1995,0.673237061997424,0.0660365341161331,0.673237061997424,0.0660365341161331
Lutjanus synagris,1996,0.658637785547254,0.0641999680069952,0.658637785547254,0.0641999680069952
Lutjanus synagris,1997,0.83804303002807,0.0674934510653373,0.83804303002807,0.0674934510653373
Lutjanus synagris,1998,0.887218578444166,0.0672857253749232,0.887218578444166,0.0672857253749232
Lutjanus synagris,1999,0.745138017923703,0.0525710347285053,0.745138017923703,0.0525710347285053
Lutjanus synagris,2000,0.790052521084053,0.0612249595267138,0.790052521084053,0.0612249595267138
Lutjanus synagris,2001,0.749907336368695,0.0576983526158919,0.749907336368695,0.0576983526158919
Lutjanus synagris,2002,0.740285788727697,0.0569955555779057,0.740285788727697,0.0569955555779057
Lutjanus synagris,2003,0.611735889562735,0.0402090665064882,0.611735889562735,0.0402090665064882
Lutjanus synagris,2004,0.576605526644634,0.0345635897213896,0.576605526644634,0.0345635897213896
Lutjanus synagris,2005,0.541544801669932,0.0293227411148618,0.541544801669932,0.0293227411148618
Lutjanus synagris,2006,0.643508962742662,0.0401438322167418,0.643508962742662,0.0401438322167418
Lutjanus synagris,2007,0.710155289988529,0.0405328182782613,0.710155289988529,0.0405328182782613
Lutjanus synagris,2008,0.800059729901291,0.0471032284804598,0.800059729901291,0.0471032284804598
Lutjanus synagris,2009,0.830554623604319,0.0349325701854077,0.830554623604319,0.0349325701854077
Lutjanus synagris,2010,0.854353795837931,0.0410834676686431,0.854353795837931,0.0410834676686431
Lutjanus synagris,2011,0.73120125120522,0.0400546121463881,0.73120125120522,0.0400546121463881
Lutjanus synagris,2012,0.776807541490124,0.0499270327957711,0.776807541490124,0.0499270327957711
Lutjanus synagris,2013,0.815951861233701,0.0337910740844783,0.815951861233701,0.0337910740844783
Lutjanus synagris,2014,0.800918494383625,0.0302828698460344,0.800918494383625,0.0302828698460344
Lutjanus synagris,2015,0.829884441497226,0.0377455112857863,0.829884441497226,0.0377455112857863
Lutjanus synagris,2016,0.773906448766045,0.0358338640166761,0.773906448766045,0.0358338640166761
Lutjanus synagris,2017,0.617462686251314,0.0342405506452916,0.617462686251314,0.0342405506452916
Lutjanus synagris,2018,0.543786720666644,0.0343773935278084,0.543786720666644,0.0343773935278084
Lutjanus synagris,2019,0.455990968440377,0.0487640918708879,0.455990968440377,0.0487640918708879
Panulirus argus,1951,0.204503602876094,0.411137337267185,0.204503602876094,0.411137337267185
Panulirus argus,1952,0.243186145060205,0.408601278533028,0.243186145060205,0.408601278533028
Panulirus argus,1953,0.277793652609696,0.330182556040768,0.277793652609696,0.330182556040768
Panulirus argus,1954,0.376006603246795,0.365908274529826,0.376006603246795,0.365908274529826
Panulirus argus,1955,0.518441806837716,0.339096274065767,0.518441806837716,0.339096274065767
Panulirus argus,1956,0.824306538726898,0.407999028506454,0.824306538726898,0.407999028506454
Panulirus argus,1957,1.15174289879966,0.457919085592314,1.15174289879966,0.457919085592314
Panulirus argus,1958,1.22045562688324,0.350720563561803,1.22045562688324,0.350720563561803
Panulirus argus,1959,1.49801216129878,0.423504423236061,1.49801216129878,0.423504423236061
Panulirus argus,1960,1.60723577648615,0.399479863058864,1.60723577648615,0.399479863058864
Panulirus argus,1961,1.63710361517237,0.406198469234717,1.63710361517237,0.406198469234717
Panulirus argus,1962,1.57736372811582,0.387662091440526,1.57736372811582,0.387662091440526
Panulirus argus,1963,1.5540683356637,0.388554709226072,1.5540683356637,0.388554709226072
Panulirus argus,1964,1.55155575629563,0.364552037768177,1.55155575629563,0.364552037768177
Panulirus argus,1965,1.8012257620315,0.420109248203708,1.8012257620315,0.420109248203708
Panulirus argus,1966,1.81293240693449,0.413180351536806,1.81293240693449,0.413180351536806
Panulirus argus,1967,1.77750634034696,0.387013886484927,1.77750634034696,0.387013886484927
Panulirus argus,1968,1.83887740198646,0.394880808180905,1.83887740198646,0.394880808180905
Panulirus argus,1969,1.95131887613296,0.454385998854601,1.95131887613296,0.454385998854601
Panulirus argus,1970,1.6959389573532,0.378585753402371,1.6959389573532,0.378585753402371
Panulirus argus,1971,1.70761924318594,0.425233785306405,1.70761924318594,0.425233785306405
Panulirus argus,1972,1.45955382958832,0.502743325589803,1.45955382958832,0.502743325589803
Panulirus argus,1973,0.878828606999395,0.834953414488781,0.878828606999395,0.834953414488781
Panulirus argus,1974,0.768874537935823,1.04879879075417,0.768874537935823,1.04879879075417
Panulirus argus,1975,0.738706280579718,1.02882342802132,0.738706280579718,1.02882342802132
Panulirus argus,1976,0.76379534482003,1.12492388501271,0.76379534482003,1.12492388501271
Panulirus argus,1977,0.721616443803909,0.881276323643154,0.721616443803909,0.881276323643154
Panulirus argus,1978,0.844977729872644,1.04172141136695,0.844977729872644,1.04172141136695
Panulirus argus,1979,0.907840950806216,1.01724194544659,0.907840950806216,1.01724194544659
Panulirus argus,1980,0.907402568669196,0.967529030877004,0.907402568669196,0.967529030877004
Panulirus argus,1981,0.972843390177595,0.973393670234575,0.972843390177595,0.973393670234575
Panulirus argus,1982,0.995486095619798,0.983578730377666,0.995486095619798,0.983578730377666
Panulirus argus,1983,0.997150167479167,0.943763631745782,0.997150167479167,0.943763631745782
Panulirus argus,1984,1.06817692029402,0.985339623669354,1.06817692029402,0.985339623669354
Panulirus argus,1985,1.15202402129017,1.02674907489303,1.15202402129017,1.02674907489303
Panulirus argus,1986,1.12154024294512,0.975872376758878,1.12154024294512,0.975872376758878
Panulirus argus,1987,1.17226422290696,0.968399657641742,1.17226422290696,0.968399657641742
Panulirus argus,1988,1.14302975339583,0.892727529820238,1.14302975339583,0.892727529820238
Panulirus argus,1989,1.19354573792807,0.899900042216152,1.19354573792807,0.899900042216152
Panulirus argus,1990,1.17781345302909,0.731768572914385,1.17781345302909,0.731768572914385
Panulirus argus,1991,1.26940357103752,0.742736275379811,1.26940357103752,0.742736275379811
Panulirus argus,1992,1.25078051536483,0.718351037962396,1.25078051536483,0.718351037962396
Panulirus argus,1993,1.22395737571661,0.719980182740075,1.22395737571661,0.719980182740075
Panulirus argus,1994,1.211975775479,0.82270728201828,1.211975775479,0.82270728201828
Panulirus argus,1995,1.1353364484306,0.837713892886377,1.1353364484306,0.837713892886377
Panulirus argus,1996,1.05915159507029,0.888083872736155,1.05915159507029,0.888083872736155
Panulirus argus,1997,1.01322149126972,0.931208040959434,1.01322149126972,0.931208040959434
Panulirus argus,1998,1.00967782842331,0.937050196435805,1.00967782842331,0.937050196435805
Panulirus argus,1999,1.01504614627675,0.996101506430342,1.01504614627675,0.996101506430342
Panulirus argus,2000,0.97546862752066,0.902367711787771,0.97546862752066,0.902367711787771
Panulirus argus,2001,1.04189400763168,0.775804033412916,1.04189400763168,0.775804033412916
Panulirus argus,2002,1.16003904313709,0.859672933464295,1.16003904313709,0.859672933464295
Panulirus argus,2003,1.05234079124843,0.634093112675768,1.05234079124843,0.634093112675768
Panulirus argus,2004,1.17987500946015,0.718764305224732,1.17987500946015,0.718764305224732
Panulirus argus,2005,1.15598833511915,0.635955193581475,1.15598833511915,0.635955193581475
Panulirus argus,2006,1.08365160283866,0.528449253034068,1.08365160283866,0.528449253034068
Panulirus argus,2007,1.21869377346106,0.502192744180733,1.21869377346106,0.502192744180733
Panulirus argus,2008,1.40390356327623,0.490168243443341,1.40390356327623,0.490168243443341
Panulirus argus,2009,1.28944604316018,0.435039720518246,1.28944604316018,0.435039720518246
Panulirus argus,2010,1.37936417258361,0.396927516635852,1.37936417258361,0.396927516635852
Panulirus argus,2011,1.54629946734262,0.453877735602173,1.54629946734262,0.453877735602173
Panulirus argus,2012,1.57548839464573,0.407238616915938,1.57548839464573,0.407238616915938
Panulirus argus,2013,1.59676865494766,0.410140499954478,1.59676865494766,0.410140499954478
Panulirus argus,2014,1.60562273907277,0.402642272088407,1.60562273907277,0.402642272088407
Panulirus argus,2015,1.56392509256346,0.381462769010867,1.56392509256346,0.381462769010867
Panulirus argus,2016,1.56749728112849,0.39039476639768,1.56749728112849,0.39039476639768
Panulirus argus,2017,1.54911817682076,0.377757044828704,1.54911817682076,0.377757044828704
Panulirus argus,2018,1.54581620697914,0.4085781087406,1.54581620697914,0.4085781087406
Panulirus argus,2019,1.44566196068727,0.363962540356936,1.44566196068727,0.363962540356936
Panulirus argus_2,1951,0.105614871256338,0.162735028787671,0.105614871256338,0.162735028787671
Panulirus argus_2,1952,0.112912962513158,0.152216705077626,0.112912962513158,0.152216705077626
Panulirus argus_2,1953,0.128804824493261,0.133436299315058,0.128804824493261,0.133436299315058
Panulirus argus_2,1954,0.181363990948043,0.189533093360634,0.181363990948043,0.189533093360634
Panulirus argus_2,1955,0.212129914387788,0.162044463779747,0.212129914387788,0.162044463779747
Panulirus argus_2,1956,0.245595334880777,0.139963889156525,0.245595334880777,0.139963889156525
Panulirus argus_2,1957,0.328958901556678,0.156742125228781,0.328958901556678,0.156742125228781
Panulirus argus_2,1958,0.445493507685469,0.180041043209526,0.445493507685469,0.180041043209526
Panulirus argus_2,1959,0.521859084922376,0.164673181045251,0.521859084922376,0.164673181045251
Panulirus argus_2,1960,0.590748846905617,0.164865924819367,0.590748846905617,0.164865924819367
Panulirus argus_2,1961,0.639826260344045,0.161174120346962,0.639826260344045,0.161174120346962
Panulirus argus_2,1962,0.683868137212887,0.159171788342467,0.683868137212887,0.159171788342467
Panulirus argus_2,1963,0.721882545306641,0.166662394848512,0.721882545306641,0.166662394848512
Panulirus argus_2,1964,0.718033690860398,0.175534595533927,0.718033690860398,0.175534595533927
Panulirus argus_2,1965,0.63569655659571,0.144196589277103,0.63569655659571,0.144196589277103
Panulirus argus_2,1966,0.631968847341579,0.154112588604273,0.631968847341579,0.154112588604273
Panulirus argus_2,1967,0.647264125258364,0.123917134809143,0.647264125258364,0.123917134809143
Panulirus argus_2,1968,0.886290110956215,0.174531059431395,0.886290110956215,0.174531059431395
Panulirus argus_2,1969,1.07131857004617,0.165778392920211,1.07131857004617,0.165778392920211
Panulirus argus_2,1970,1.21791119610767,0.183456814585543,1.21791119610767,0.183456814585543
Panulirus argus_2,1971,1.14490012004121,0.175139984839629,1.14490012004121,0.175139984839629
Panulirus argus_2,1972,0.955999936863323,0.137833516644385,0.955999936863323,0.137833516644385
Panulirus argus_2,1973,0.945916047258975,0.121132942429092,0.945916047258975,0.121132942429092
Panulirus argus_2,1974,1.30867005580694,0.157819247441681,1.30867005580694,0.157819247441681
Panulirus argus_2,1975,1.79410674270631,0.190989894294329,1.79410674270631,0.190989894294329
Panulirus argus_2,1976,1.93926689953746,0.171523768975901,1.93926689953746,0.171523768975901
Panulirus argus_2,1977,1.92134059819525,0.186244083269766,1.92134059819525,0.186244083269766
Panulirus argus_2,1978,2.03019697561783,0.208484405046219,2.03019697561783,0.208484405046219
Panulirus argus_2,1979,1.93966592821608,0.211214974562556,1.93966592821608,0.211214974562556
Panulirus argus_2,1980,1.62787369618469,0.184942565993426,1.62787369618469,0.184942565993426
Panulirus argus_2,1981,1.49257528837748,0.184127364011573,1.49257528837748,0.184127364011573
Panulirus argus_2,1982,1.44793592074448,0.155063929565644,1.44793592074448,0.155063929565644
Panulirus argus_2,1983,1.86081161693307,0.220196271753929,1.86081161693307,0.220196271753929
Panulirus argus_2,1984,1.94878276955,0.195351350766404,1.94878276955,0.195351350766404
Panulirus argus_2,1985,2.06341447511297,0.197381709358084,2.06341447511297,0.197381709358084
Panulirus argus_2,1986,2.19421806771708,0.209166345816547,2.19421806771708,0.209166345816547
Panulirus argus_2,1987,2.15680027317451,0.199991819519368,2.15680027317451,0.199991819519368
Panulirus argus_2,1988,2.14650459829574,0.203860316999866,2.14650459829574,0.203860316999866
Panulirus argus_2,1989,2.07294168096891,0.201780934352992,2.07294168096891,0.201780934352992
Panulirus argus_2,1990,1.97437825631687,0.186173927251239,1.97437825631687,0.186173927251239
Panulirus argus_2,1991,2.0502814161909,0.205771474163277,2.0502814161909,0.205771474163277
Panulirus argus_2,1992,1.43248042912734,0.328791676976672,1.43248042912734,0.328791676976672
Panulirus argus_2,1993,1.18704279920984,0.330218618622011,1.18704279920984,0.330218618622011
Panulirus argus_2,1994,1.14214580452506,0.390099518708246,1.14214580452506,0.390099518708246
Panulirus argus_2,1995,1.11377865551853,0.397360287881747,1.11377865551853,0.397360287881747
Panulirus argus_2,1996,1.3358865209888,0.452704360837295,1.3358865209888,0.452704360837295
Panulirus argus_2,1997,1.32133151024682,0.403146240605355,1.32133151024682,0.403146240605355
Panulirus argus_2,1998,1.26484842837724,0.392658842327531,1.26484842837724,0.392658842327531
Panulirus argus_2,1999,1.31678124302756,0.497864466165524,1.31678124302756,0.497864466165524
Panulirus argus_2,2000,1.18677367746692,0.526577245570563,1.18677367746692,0.526577245570563
Panulirus argus_2,2001,1.05525370590073,0.462342302073854,1.05525370590073,0.462342302073854
Panulirus argus_2,2002,1.168639002116,0.485087726629374,1.168639002116,0.485087726629374
Panulirus argus_2,2003,1.1890744229299,0.472270180766088,1.1890744229299,0.472270180766088
Panulirus argus_2,2004,1.33090209932234,0.463783961048731,1.33090209932234,0.463783961048731
Panulirus argus_2,2005,1.48440248551818,0.385064217906675,1.48440248551818,0.385064217906675
Panulirus argus_2,2006,1.57091667528136,0.356053290653623,1.57091667528136,0.356053290653623
Panulirus argus_2,2007,1.62277800830106,0.296837287116842,1.62277800830106,0.296837287116842
Panulirus argus_2,2008,1.79614816742854,0.317433729888141,1.79614816742854,0.317433729888141
Panulirus argus_2,2009,1.74568332853196,0.264058059965173,1.74568332853196,0.264058059965173
Panulirus argus_2,2010,1.91305761540117,0.266500495762885,1.91305761540117,0.266500495762885
Panulirus argus_2,2011,1.93207857329236,0.278406531140255,1.93207857329236,0.278406531140255
Panulirus argus_2,2012,2.08275904909065,0.300845864808094,2.08275904909065,0.300845864808094
Panulirus argus_2,2013,1.98927688259707,0.315041125942444,1.98927688259707,0.315041125942444
Panulirus argus_2,2014,1.81788834014018,0.336233805017225,1.81788834014018,0.336233805017225
Panulirus argus_2,2015,1.9617528824479,0.416914600187678,1.9617528824479,0.416914600187678
Panulirus argus_2,2016,1.78362269245447,0.427105873661422,1.78362269245447,0.427105873661422
Panulirus argus_2,2017,1.62717770004394,0.454931498036868,1.62717770004394,0.454931498036868
Panulirus argus_2,2018,1.46330141575915,0.445390197942492,1.46330141575915,0.445390197942492
Panulirus argus_2,2019,1.346349351552,0.475851925703238,1.346349351552,0.475851925703238
Panulirus argus_3,1951,0.395532058469938,0.241104883430424,0.395532058469938,0.241104883430424
Panulirus argus_3,1952,0.326378154196287,0.161335945356435,0.326378154196287,0.161335945356435
Panulirus argus_3,1953,0.343078214166518,0.185619721775696,0.343078214166518,0.185619721775696
Panulirus argus_3,1954,0.378636662062607,0.164506116975684,0.378636662062607,0.164506116975684
Panulirus argus_3,1955,0.519884291686945,0.212198970270607,0.519884291686945,0.212198970270607
Panulirus argus_3,1956,0.640223652050704,0.209032298391004,0.640223652050704,0.209032298391004
Panulirus argus_3,1957,0.719972744034706,0.222842920764631,0.719972744034706,0.222842920764631
Panulirus argus_3,1958,0.693336916451559,0.186439117759259,0.693336916451559,0.186439117759259
Panulirus argus_3,1959,0.708769631506254,0.200438758217955,0.708769631506254,0.200438758217955
Panulirus argus_3,1960,0.704052779508484,0.197281576076907,0.704052779508484,0.197281576076907
Panulirus argus_3,1961,0.695834930507593,0.179577483251997,0.695834930507593,0.179577483251997
Panulirus argus_3,1962,0.76151725589389,0.193378225752652,0.76151725589389,0.193378225752652
Panulirus argus_3,1963,0.848167860869541,0.196184235371351,0.848167860869541,0.196184235371351
Panulirus argus_3,1964,0.934146185735965,0.179552018941297,0.934146185735965,0.179552018941297
Panulirus argus_3,1965,1.15049854105948,0.220745997064146,1.15049854105948,0.220745997064146
Panulirus argus_3,1966,1.20177007016323,0.196512058660642,1.20177007016323,0.196512058660642
Panulirus argus_3,1967,1.26660964995996,0.180198890387708,1.26660964995996,0.180198890387708
Panulirus argus_3,1968,1.44798329977595,0.203357556982019,1.44798329977595,0.203357556982019
Panulirus argus_3,1969,1.58376281918729,0.193605047361391,1.58376281918729,0.193605047361391
Panulirus argus_3,1970,1.79684332354219,0.215115062536395,1.79684332354219,0.215115062536395
Panulirus argus_3,1971,1.82088926304541,0.191394895426868,1.82088926304541,0.191394895426868
Panulirus argus_3,1972,2.04283354867857,0.214026379828106,2.04283354867857,0.214026379828106
Panulirus argus_3,1973,2.14903328020705,0.224089572235,2.14903328020705,0.224089572235
Panulirus argus_3,1974,1.99217486615331,0.224367110584281,1.99217486615331,0.224367110584281
Panulirus argus_3,1975,1.61171773181379,0.20884317101012,1.61171773181379,0.20884317101012
Panulirus argus_3,1976,1.26547842216637,0.2270773113514,1.26547842216637,0.2270773113514
Panulirus argus_3,1977,0.829482532212568,0.398457067433638,0.829482532212568,0.398457067433638
Panulirus argus_3,1978,0.599747365777963,0.508192116504956,0.599747365777963,0.508192116504956
Panulirus argus_3,1979,0.534722132156948,0.684581886717233,0.534722132156948,0.684581886717233
Panulirus argus_3,1980,0.580534813614384,0.674873187625195,0.580534813614384,0.674873187625195
Panulirus argus_3,1981,0.575140259091006,0.531256961114898,0.575140259091006,0.531256961114898
Panulirus argus_3,1982,0.700956994766797,0.495743773978642,0.700956994766797,0.495743773978642
Panulirus argus_3,1983,0.743726291357965,0.439800847743526,0.743726291357965,0.439800847743526
Panulirus argus_3,1984,1.03902337345227,0.377743569624844,1.03902337345227,0.377743569624844
Panulirus argus_3,1985,1.64467503097395,0.28737679993296,1.64467503097395,0.28737679993296
Panulirus argus_3,1986,1.55342506968532,0.249231021200205,1.55342506968532,0.249231021200205
Panulirus argus_3,1987,1.6899488391172,0.260742800409111,1.6899488391172,0.260742800409111
Panulirus argus_3,1988,1.93690776710568,0.251935506512959,1.93690776710568,0.251935506512959
Panulirus argus_3,1989,1.69600090545984,0.330276277911808,1.69600090545984,0.330276277911808
Panulirus argus_3,1990,1.36195817700568,0.401232563700221,1.36195817700568,0.401232563700221
Panulirus argus_3,1991,1.23405743744651,0.552237936158181,1.23405743744651,0.552237936158181
Panulirus argus_3,1992,1.13701979480545,0.579584163224112,1.13701979480545,0.579584163224112
Panulirus argus_3,1993,1.30679712573471,0.52411735740198,1.30679712573471,0.52411735740198
Panulirus argus_3,1994,1.44637343440806,0.500263517967537,1.44637343440806,0.500263517967537
Panulirus argus_3,1995,1.8459089506517,0.388311557786287,1.8459089506517,0.388311557786287
Panulirus argus_3,1996,2.40441357206875,0.311421979699753,2.40441357206875,0.311421979699753
Panulirus argus_3,1997,2.20612515827125,0.321834731390776,2.20612515827125,0.321834731390776
Panulirus argus_3,1998,1.84641219212419,0.357868571459117,1.84641219212419,0.357868571459117
Panulirus argus_3,1999,2.03865863667351,0.372298249081106,2.03865863667351,0.372298249081106
Panulirus argus_3,2000,1.88708274914211,0.397064811822522,1.88708274914211,0.397064811822522
Panulirus argus_3,2001,1.69301730050307,0.332317992983257,1.69301730050307,0.332317992983257
Panulirus argus_3,2002,2.39042796051553,0.327902883648979,2.39042796051553,0.327902883648979
Panulirus argus_3,2003,1.99018498888161,0.397890454099607,1.99018498888161,0.397890454099607
Panulirus argus_3,2004,1.77730659593132,0.423051449825504,1.77730659593132,0.423051449825504
Panulirus argus_3,2005,1.52038393490146,0.466492244734274,1.52038393490146,0.466492244734274
Panulirus argus_3,2006,1.3973859255854,0.493631836640108,1.3973859255854,0.493631836640108
Panulirus argus_3,2007,1.26011866947373,0.458550283332753,1.26011866947373,0.458550283332753
Panulirus argus_3,2008,1.2327365292643,0.455165667533906,1.2327365292643,0.455165667533906
Panulirus argus_3,2009,1.30570712657457,0.449965114831978,1.30570712657457,0.449965114831978
Panulirus argus_3,2010,1.50089170114946,0.526083566944882,1.50089170114946,0.526083566944882
Panulirus argus_3,2011,1.4647965257397,0.490640662523182,1.4647965257397,0.490640662523182
Panulirus argus_3,2012,1.43653424848278,0.520936885860069,1.43653424848278,0.520936885860069
Panulirus argus_3,2013,1.26582912931165,0.451926347200326,1.26582912931165,0.451926347200326
Panulirus argus_3,2014,1.25842699106016,0.468481961638093,1.25842699106016,0.468481961638093
Panulirus argus_3,2015,1.27882390147173,0.467451247972059,1.27882390147173,0.467451247972059
Panulirus argus_3,2016,1.34168651138453,0.528718176074412,1.34168651138453,0.528718176074412
Panulirus argus_3,2017,1.22943969979487,0.498391282864165,1.22943969979487,0.498391282864165
Panulirus argus_3,2018,1.11858115404082,0.497991555476747,1.11858115404082,0.497991555476747
Panulirus argus_3,2019,0.970698178609406,0.414823547514625,0.970698178609406,0.414823547514625
